IBGE_6,municipio_cod_7,municipio_nome,populacao
410010,4100103,Abatiá - PR,7271
410020,4100202,Adrianópolis - PR,6327
410030,4100301,Agudos do Sul - PR,10646
410040,4100400,Almirante Tamandaré - PR,124788
410045,4100459,Altamira do Paraná - PR,3543
410050,4100509,Altônia - PR,18750
410060,4100608,Alto Paraná - PR,14138
410070,4100707,Alto Piquiri - PR,9802
410080,4100806,Alvorada do Sul - PR,10478
410090,4100905,Amaporã - PR,4736
410100,4101002,Ampére - PR,20199
410105,4101051,Anahy - PR,2965
410110,4101101,Andirá - PR,20044
410115,4101150,Ângulo - PR,3332
410120,4101200,Antonina - PR,18223
410130,4101309,Antônio Olinto - PR,7071
410140,4101408,Apucarana - PR,134306
410150,4101507,Arapongas - PR,123863
410160,4101606,Arapoti - PR,26310
410165,4101655,Arapuã - PR,3573
410170,4101705,Araruna - PR,14824
410180,4101804,Araucária - PR,160038
410185,4101853,Ariranha do Ivaí - PR,2351
410190,4101903,Assaí - PR,13643
410200,4102000,Assis Chateaubriand - PR,38105
410210,4102109,Astorga - PR,26145
410220,4102208,Atalaia - PR,4045
410230,4102307,Balsa Nova - PR,13871
410240,4102406,Bandeirantes - PR,31807
410250,4102505,Barbosa Ferraz - PR,10692
410260,4102604,Barracão - PR,9900
410270,4102703,Barra do Jacaré - PR,2866
410275,4102752,Bela Vista da Caroba - PR,4100
410280,4102802,Bela Vista do Paraíso - PR,14998
410290,4102901,Bituruna - PR,15689
410300,4103008,Boa Esperança - PR,4622
410302,4103024,Boa Esperança do Iguaçu - PR,2448
410304,4103040,Boa Ventura de São Roque - PR,6244
410305,4103057,Boa Vista da Aparecida - PR,8034
410310,4103107,Bocaiúva do Sul - PR,13804
410315,4103156,Bom Jesus do Sul - PR,4061
410320,4103206,Bom Sucesso - PR,6677
410322,4103222,Bom Sucesso do Sul - PR,3234
410330,4103305,Borrazópolis - PR,7824
410335,4103354,Braganey - PR,4802
410337,4103370,Brasilândia do Sul - PR,3828
410340,4103404,Cafeara - PR,2655
410345,4103453,Cafelândia - PR,19844
410347,4103479,Cafezal do Sul - PR,4561
410350,4103503,Califórnia - PR,8921
410360,4103602,Cambará - PR,23430
410370,4103701,Cambé - PR,111009
410380,4103800,Cambira - PR,9899
410390,4103909,Campina da Lagoa - PR,15979
410395,4103958,Campina do Simão - PR,3973
410400,4104006,Campina Grande do Sul - PR,49971
410405,4104055,Campo Bonito - PR,4032
410410,4104105,Campo do Tenente - PR,7666
410420,4104204,Campo Largo - PR,142695
410425,4104253,Campo Magro - PR,31555
410430,4104303,Campo Mourão - PR,103340
410440,4104402,Cândido de Abreu - PR,15255
410442,4104428,Candói - PR,15174
410445,4104451,Cantagalo - PR,10799
410450,4104501,Capanema - PR,21022
410460,4104600,Capitão Leônidas Marques - PR,14796
410465,4104659,Carambeí - PR,24159
410470,4104709,Carlópolis - PR,17567
410480,4104808,Cascavel - PR,364104
410490,4104907,Castro - PR,75291
410500,4105003,Catanduvas - PR,10627
410510,4105102,Centenário do Sul - PR,10936
410520,4105201,Cerro Azul - PR,16240
410530,4105300,Céu Azul - PR,11251
410540,4105409,Chopinzinho - PR,21559
410550,4105508,Cianorte - PR,82359
410560,4105607,Cidade Gaúcha - PR,11684
410570,4105706,Clevelândia - PR,14975
410580,4105805,Colombo - PR,240720
410590,4105904,Colorado - PR,23278
410600,4106001,Congonhinhas - PR,8442
410610,4106100,Conselheiro Mairinck - PR,3486
410620,4106209,Contenda - PR,19827
410630,4106308,Corbélia - PR,17862
410640,4106407,Cornélio Procópio - PR,45830
410645,4106456,Coronel Domingos Soares - PR,5516
410650,4106506,Coronel Vivida - PR,23859
410655,4106555,Corumbataí do Sul - PR,3780
410657,4106571,Cruzeiro do Iguaçu - PR,4171
410660,4106605,Cruzeiro do Oeste - PR,24622
410670,4106704,Cruzeiro do Sul - PR,4547
410680,4106803,Cruz Machado - PR,15910
410685,4106852,Cruzmaltina - PR,2896
410690,4106902,Curitiba - PR,1829225
410700,4107009,Curiúva - PR,13802
410710,4107108,Diamante do Norte - PR,5164
410712,4107124,Diamante do Sul - PR,3170
410715,4107157,Diamante D'Oeste - PR,4557
410720,4107207,Dois Vizinhos - PR,47014
410725,4107256,Douradina - PR,9525
410730,4107306,Doutor Camargo - PR,6484
410740,4107405,Enéas Marques - PR,6070
410750,4107504,Engenheiro Beltrão - PR,12431
410752,4107520,Esperança Nova - PR,1858
410753,4107538,Entre Rios do Oeste - PR,4729
410754,4107546,Espigão Alto do Iguaçu - PR,4881
410755,4107553,Farol - PR,3023
410760,4107603,Faxinal - PR,16618
410765,4107652,Fazenda Rio Grande - PR,161506
410770,4107702,Fênix - PR,4512
410773,4107736,Fernandes Pinheiro - PR,6387
410775,4107751,Figueira - PR,8144
410780,4107801,Floraí - PR,4825
410785,4107850,Flor da Serra do Sul - PR,4367
410790,4107900,Floresta - PR,11226
410800,4108007,Florestópolis - PR,11639
410810,4108106,Flórida - PR,2704
410820,4108205,Formosa do Oeste - PR,7756
410830,4108304,Foz do Iguaçu - PR,295500
410832,4108320,Francisco Alves - PR,8464
410840,4108403,Francisco Beltrão - PR,101302
410845,4108452,Foz do Jordão - PR,4925
410850,4108502,General Carneiro - PR,10861
410855,4108551,Godoy Moreira - PR,2970
410860,4108601,Goioerê - PR,28970
410865,4108650,Goioxim - PR,6531
410870,4108700,Grandes Rios - PR,5586
410880,4108809,Guaíra - PR,32966
410890,4108908,Guairaçá - PR,6733
410895,4108957,Guamiranga - PR,7961
410900,4109005,Guapirama - PR,4792
410910,4109104,Guaporema - PR,2217
410920,4109203,Guaraci - PR,4762
410930,4109302,Guaraniaçu - PR,13814
410940,4109401,Guarapuava - PR,188710
410950,4109500,Guaraqueçaba - PR,7474
410960,4109609,Guaratuba - PR,44323
410965,4109658,Honório Serpa - PR,4872
410970,4109708,Ibaiti - PR,29440
410975,4109757,Ibema - PR,6327
410980,4109807,Ibiporã - PR,53054
410990,4109906,Icaraíma - PR,9139
411000,4110003,Iguaraçu - PR,5599
411005,4110052,Iguatu - PR,2162
411007,4110078,Imbaú - PR,14815
411010,4110102,Imbituva - PR,30757
411020,4110201,Inácio Martins - PR,9633
411030,4110300,Inajá - PR,2510
411040,4110409,Indianópolis - PR,4531
411050,4110508,Ipiranga - PR,14338
411060,4110607,Iporã - PR,16062
411065,4110656,Iracema do Oeste - PR,2344
411070,4110706,Irati - PR,60796
411080,4110805,Iretama - PR,10843
411090,4110904,Itaguajé - PR,4532
411095,4110953,Itaipulândia - PR,11984
411100,4111001,Itambaracá - PR,5874
411110,4111100,Itambé - PR,6215
411120,4111209,Itapejara d'Oeste - PR,12766
411125,4111258,Itaperuçu - PR,32890
411130,4111308,Itaúna do Sul - PR,3620
411140,4111407,Ivaí - PR,13473
411150,4111506,Ivaiporã - PR,33529
411155,4111555,Ivaté - PR,6833
411160,4111605,Ivatuba - PR,2705
411170,4111704,Jaboti - PR,5576
411180,4111803,Jacarezinho - PR,41400
411190,4111902,Jaguapitã - PR,15719
411200,4112009,Jaguariaíva - PR,36231
411210,4112108,Jandaia do Sul - PR,21851
411220,4112207,Janiópolis - PR,5835
411230,4112306,Japira - PR,5060
411240,4112405,Japurá - PR,9354
411250,4112504,Jardim Alegre - PR,12130
411260,4112603,Jardim Olinda - PR,1353
411270,4112702,Jataizinho - PR,11971
411275,4112751,Jesuítas - PR,10860
411280,4112801,Joaquim Távora - PR,12280
411290,4112900,Jundiaí do Sul - PR,3366
411295,4112959,Juranda - PR,7898
411300,4113007,Jussara - PR,6795
411310,4113106,Kaloré - PR,4657
411320,4113205,Lapa - PR,45857
411325,4113254,Laranjal - PR,5575
411330,4113304,Laranjeiras do Sul - PR,33103
411340,4113403,Leópolis - PR,3751
411342,4113429,Lidianópolis - PR,3989
411345,4113452,Lindoeste - PR,5226
411350,4113502,Loanda - PR,23813
411360,4113601,Lobato - PR,4693
411370,4113700,Londrina - PR,577318
411373,4113734,Luiziana - PR,6696
411375,4113759,Lunardelli - PR,4902
411380,4113809,Lupionópolis - PR,4911
411390,4113908,Mallet - PR,13655
411400,4114005,Mamborê - PR,13572
411410,4114104,Mandaguaçu - PR,33752
411420,4114203,Mandaguari - PR,38050
411430,4114302,Mandirituba - PR,28761
411435,4114351,Manfrinópolis - PR,2761
411440,4114401,Mangueirinha - PR,16764
411450,4114500,Manoel Ribas - PR,14576
411460,4114609,Marechal Cândido Rondon - PR,58140
411470,4114708,Maria Helena - PR,5935
411480,4114807,Marialva - PR,44098
411490,4114906,Marilândia do Sul - PR,8774
411500,4115002,Marilena - PR,7409
411510,4115101,Mariluz - PR,9934
411520,4115200,Maringá - PR,425983
411530,4115309,Mariópolis - PR,6475
411535,4115358,Maripá - PR,6767
411540,4115408,Marmeleiro - PR,16386
411545,4115457,Marquinho - PR,4521
411550,4115507,Marumbi - PR,4778
411560,4115606,Matelândia - PR,19022
411570,4115705,Matinhos - PR,41416
411573,4115739,Mato Rico - PR,3237
411575,4115754,Mauá da Serra - PR,9628
411580,4115804,Medianeira - PR,57120
411585,4115853,Mercedes - PR,6136
411590,4115903,Mirador - PR,2258
411600,4116000,Miraselva - PR,2008
411605,4116059,Missal - PR,11301
411610,4116109,Moreira Sales - PR,11137
411620,4116208,Morretes - PR,18908
411630,4116307,Munhoz de Melo - PR,4045
411640,4116406,Nossa Senhora das Graças - PR,3685
411650,4116505,Nova Aliança do Ivaí - PR,1327
411660,4116604,Nova América da Colina - PR,3299
411670,4116703,Nova Aurora - PR,14219
411680,4116802,Nova Cantu - PR,6799
411690,4116901,Nova Esperança - PR,27142
411695,4116950,Nova Esperança do Sudoeste - PR,5744
411700,4117008,Nova Fátima - PR,7201
411705,4117057,Nova Laranjeiras - PR,12287
411710,4117107,Nova Londrina - PR,13085
411720,4117206,Nova Olímpia - PR,5960
411721,4117214,Nova Santa Bárbara - PR,4280
411722,4117222,Nova Santa Rosa - PR,8535
411725,4117255,Nova Prata do Iguaçu - PR,13196
411727,4117271,Nova Tebas - PR,6870
411729,4117297,Novo Itacolomi - PR,3210
411730,4117305,Ortigueira - PR,24627
411740,4117404,Ourizona - PR,3206
411745,4117453,Ouro Verde do Oeste - PR,7031
411750,4117503,Paiçandu - PR,48207
411760,4117602,Palmas - PR,49891
411770,4117701,Palmeira - PR,34806
411780,4117800,Palmital - PR,12967
411790,4117909,Palotina - PR,36623
411800,4118006,Paraíso do Norte - PR,13634
411810,4118105,Paranacity - PR,9597
411820,4118204,Paranaguá - PR,149819
411830,4118303,Paranapoema - PR,2378
411840,4118402,Paranavaí - PR,95525
411845,4118451,Pato Bragado - PR,5939
411850,4118501,Pato Branco - PR,96602
411860,4118600,Paula Freitas - PR,5778
411870,4118709,Paulo Frontin - PR,6369
411880,4118808,Peabiru - PR,13496
411885,4118857,Perobal - PR,7496
411890,4118907,Pérola - PR,12275
411900,4119004,Pérola d'Oeste - PR,6235
411910,4119103,Piên - PR,14179
411915,4119152,Pinhais - PR,131199
411920,4119202,Pinhalão - PR,6707
411925,4119251,Pinhal de São Bento - PR,2819
411930,4119301,Pinhão - PR,30472
411940,4119400,Piraí do Sul - PR,24000
411950,4119509,Piraquara - PR,124934
411960,4119608,Pitanga - PR,34513
411965,4119657,Pitangueiras - PR,3121
411970,4119707,Planaltina do Paraná - PR,4123
411980,4119806,Planalto - PR,14663
411990,4119905,Ponta Grossa - PR,372562
411995,4119954,Pontal do Paraná - PR,32426
412000,4120002,Porecatu - PR,11438
412010,4120101,Porto Amazonas - PR,4099
412015,4120150,Porto Barreiro - PR,3078
412020,4120200,Porto Rico - PR,3316
412030,4120309,Porto Vitória - PR,3549
412033,4120333,Prado Ferreira - PR,3799
412035,4120358,Pranchita - PR,5833
412040,4120408,Presidente Castelo Branco - PR,4336
412050,4120507,Primeiro de Maio - PR,10121
412060,4120606,Prudentópolis - PR,50428
412065,4120655,Quarto Centenário - PR,4170
412070,4120705,Quatiguá - PR,8357
412080,4120804,Quatro Barras - PR,25109
412085,4120853,Quatro Pontes - PR,4636
412090,4120903,Quedas do Iguaçu - PR,31405
412100,4121000,Querência do Norte - PR,10693
412110,4121109,Quinta do Sol - PR,5060
412120,4121208,Quitandinha - PR,18823
412125,4121257,Ramilândia - PR,4293
412130,4121307,Rancho Alegre - PR,3501
412135,4121356,Rancho Alegre D'Oeste - PR,2638
412140,4121406,Realeza - PR,19903
412150,4121505,Rebouças - PR,14754
412160,4121604,Renascença - PR,6946
412170,4121703,Reserva - PR,24851
412175,4121752,Reserva do Iguaçu - PR,6543
412180,4121802,Ribeirão Claro - PR,12770
412190,4121901,Ribeirão do Pinhal - PR,13180
412200,4122008,Rio Azul - PR,14214
412210,4122107,Rio Bom - PR,3223
412215,4122156,Rio Bonito do Iguaçu - PR,14234
412217,4122172,Rio Branco do Ivaí - PR,3850
412220,4122206,Rio Branco do Sul - PR,39307
412230,4122305,Rio Negro - PR,31992
412240,4122404,Rolândia - PR,74935
412250,4122503,Roncador - PR,11371
412260,4122602,Rondon - PR,9240
412265,4122651,Rosário do Ivaí - PR,5491
412270,4122701,Sabáudia - PR,9320
412280,4122800,Salgado Filho - PR,4097
412290,4122909,Salto do Itararé - PR,5267
412300,4123006,Salto do Lontra - PR,15636
412310,4123105,Santa Amélia - PR,3386
412320,4123204,Santa Cecília do Pavão - PR,3375
412330,4123303,Santa Cruz de Monte Castelo - PR,8806
412340,4123402,Santa Fé - PR,11669
412350,4123501,Santa Helena - PR,26341
412360,4123600,Santa Inês - PR,1760
412370,4123709,Santa Isabel do Ivaí - PR,9059
412380,4123808,Santa Izabel do Oeste - PR,14385
412382,4123824,Santa Lúcia - PR,3657
412385,4123857,Santa Maria do Oeste - PR,9985
412390,4123907,Santa Mariana - PR,11034
412395,4123956,Santa Mônica - PR,3373
412400,4124004,Santana do Itararé - PR,5628
412402,4124020,Santa Tereza do Oeste - PR,13749
412405,4124053,Santa Terezinha de Itaipu - PR,25055
412410,4124103,Santo Antônio da Platina - PR,45534
412420,4124202,Santo Antônio do Caiuá - PR,2496
412430,4124301,Santo Antônio do Paraíso - PR,2116
412440,4124400,Santo Antônio do Sudoeste - PR,24644
412450,4124509,Santo Inácio - PR,6397
412460,4124608,São Carlos do Ivaí - PR,6712
412470,4124707,São Jerônimo da Serra - PR,10913
412480,4124806,São João - PR,12230
412490,4124905,São João do Caiuá - PR,5620
412500,4125001,São João do Ivaí - PR,10700
412510,4125100,São João do Triunfo - PR,13923
412520,4125209,São Jorge d'Oeste - PR,9550
412530,4125308,São Jorge do Ivaí - PR,5193
412535,4125357,São Jorge do Patrocínio - PR,6659
412540,4125407,São José da Boa Vista - PR,6060
412545,4125456,São José das Palmeiras - PR,4030
412550,4125506,São José dos Pinhais - PR,345644
412555,4125555,São Manoel do Paraná - PR,2173
412560,4125605,São Mateus do Sul - PR,43413
412570,4125704,São Miguel do Iguaçu - PR,30198
412575,4125753,São Pedro do Iguaçu - PR,5769
412580,4125803,São Pedro do Ivaí - PR,8611
412590,4125902,São Pedro do Paraná - PR,2722
412600,4126009,São Sebastião da Amoreira - PR,8100
412610,4126108,São Tomé - PR,5290
412620,4126207,Sapopema - PR,6784
412625,4126256,Sarandi - PR,125785
412627,4126272,Saudade do Iguaçu - PR,6342
412630,4126306,Sengés - PR,17344
412635,4126355,Serranópolis do Iguaçu - PR,5138
412640,4126405,Sertaneja - PR,5667
412650,4126504,Sertanópolis - PR,16183
412660,4126603,Siqueira Campos - PR,23712
412665,4126652,Sulina - PR,3495
412667,4126678,Tamarana - PR,10645
412670,4126702,Tamboara - PR,4979
412680,4126801,Tapejara - PR,16255
412690,4126900,Tapira - PR,5813
412700,4127007,Teixeira Soares - PR,9581
412710,4127106,Telêmaco Borba - PR,77182
412720,4127205,Terra Boa - PR,18048
412730,4127304,Terra Rica - PR,14989
412740,4127403,Terra Roxa - PR,18548
412750,4127502,Tibagi - PR,20304
412760,4127601,Tijucas do Sul - PR,18279
412770,4127700,Toledo - PR,158620
412780,4127809,Tomazina - PR,8495
412785,4127858,Três Barras do Paraná - PR,11197
412788,4127882,Tunas do Paraná - PR,6302
412790,4127908,Tuneiras do Oeste - PR,8095
412795,4127957,Tupãssi - PR,8204
412796,4127965,Turvo - PR,14443
412800,4128005,Ubiratã - PR,25517
412810,4128104,Umuarama - PR,121972
412820,4128203,União da Vitória - PR,56397
412830,4128302,Uniflor - PR,2121
412840,4128401,Uraí - PR,10407
412850,4128500,Wenceslau Braz - PR,19430
412853,4128534,Ventania - PR,9779
412855,4128559,Vera Cruz do Oeste - PR,8227
412860,4128609,Verê - PR,8051
412862,4128625,Alto Paraíso - PR,3077
412863,4128633,Doutor Ulysses - PR,5773
412865,4128658,Virmond - PR,3842
412870,4128708,Vitorino - PR,10280
412880,4128807,Xambrê - PR,5851
